accuracy,loss,val_accuracy,val_loss,val_macro_f1,val_weighted_f1,val_balanced_accuracy,val_macro_precision,val_macro_recall,val_f1_class_0,val_f1_class_1,val_f1_class_2,val_f1_class_3,val_f1_class_4,learning_rate
0.9369255304336548,0.242466002702713,0.06616415083408356,2.9631128311157227,0.02483502045659621,0.008346591182450921,0.20001839757152057,0.21321860960938094,0.20001839757152057,0.0001839587932303164,0.0,0.12399114348975074,0.0,0.0,0.0010000000474974513
0.9714861512184143,0.10822410136461258,0.9447236061096191,0.21195366978645325,0.6560763591349547,0.937961467716514,0.6058763799755601,0.7467228640410899,0.6058763799755601,0.9717778177242495,0.6275303643724697,0.7921847246891652,0.0,0.8888888888888888,0.0010000000474974513
0.9762967228889465,0.08722899854183197,0.9712197184562683,0.10000810027122498,0.7857956184564281,0.9682556156491126,0.7353417551244483,0.9617508273228157,0.7353417551244483,0.9841399681890479,0.7707979626485568,0.9136690647482014,0.2857142857142857,0.9746568109820486,0.0010000000474974513
0.9792125821113586,0.07684455066919327,0.9715242981910706,0.09882737696170807,0.8180925822539568,0.9690488174938349,0.7531999663201667,0.9597025178993167,0.7531999663201667,0.9842537550483278,0.7689594356261023,0.9046153846153846,0.4566929133858268,0.9759414225941423,0.0010000000474974513
0.9811341166496277,0.06764253228902817,0.9787574410438538,0.07294359803199768,0.8870585280945512,0.9777678300911652,0.8534237040663,0.9328848711487672,0.8534237040663,0.9888173809849833,0.7736185383244206,0.938560561732007,0.7526881720430108,0.9816079873883342,0.0010000000474974513
0.9825584292411804,0.06315919756889343,0.9814984202384949,0.06602662056684494,0.8933586500943924,0.980486132215543,0.850651683989318,0.9517650746045024,0.850651683989318,0.9899931459904043,0.7845884413309983,0.9566744730679156,0.75,0.9855371900826446,0.0010000000474974513
0.9833915829658508,0.058411650359630585,0.9818029403686523,0.06123170629143715,0.8895308226666861,0.9810484310697526,0.8501143857564294,0.9511973071403899,0.8501143857564294,0.9904683347080927,0.7941653160453809,0.9544937428896473,0.7189542483660131,0.9895724713242962,0.0010000000474974513
0.9842246770858765,0.05425216257572174,0.9799756407737732,0.07764787971973419,0.8846860055250009,0.9784242132770493,0.8492741769989183,0.9442551765563447,0.8492741769989183,0.9894237782640408,0.7189292543021033,0.9506462984723855,0.774869109947644,0.9895615866388309,0.0010000000474974513
0.9852324724197388,0.050460319966077805,0.97791987657547,0.07158739119768143,0.8904213977042957,0.9779108538497333,0.8996285476005859,0.887752592401827,0.8996285476005859,0.988292772861357,0.8078817733990148,0.9296235679214403,0.7393364928909952,0.9869723814486712,0.0010000000474974513
0.9863746166229248,0.04676109552383423,0.9775391817092896,0.07635734975337982,0.8026766416742308,0.9751660856433316,0.76404895198954,0.9539478593718094,0.76404895198954,0.9887712251232427,0.7834394904458599,0.9389671361502347,0.3157894736842105,0.9864158829676071,0.0010000000474974513
0.9889948964118958,0.03700746223330498,0.9848484992980957,0.05546990782022476,0.9139278739806252,0.9841311466643137,0.8846767931573728,0.9524856488395181,0.8846767931573728,0.9920373421197144,0.8069565217391305,0.9652777777777778,0.8152173913043478,0.9901503369621566,0.0005000000237487257
0.9903655052185059,0.032587237656116486,0.985076904296875,0.057658448815345764,0.9155216902782815,0.9843782202739932,0.8814168757816322,0.9616267814096,0.8814168757816322,0.9923475232552811,0.8117443868739206,0.9615384615384616,0.8208092485549133,0.9911688311688311,0.0005000000237487257
0.9911583065986633,0.02947421371936798,0.9830973148345947,0.06697025150060654,0.9054157114849695,0.982173211308404,0.8648472068185559,0.9592310721306099,0.8648472068185559,0.9909144866000091,0.7936507936507936,0.9559082892416225,0.7954545454545454,0.9911504424778761,0.0005000000237487257
0.9915748238563538,0.028069715946912766,0.9853053092956543,0.06098781153559685,0.9195991692937071,0.9847828117398909,0.9005475179837845,0.945240853498888,0.9005475179837845,0.9923034634414514,0.8225255972696246,0.9614277489925158,0.8290155440414507,0.9927234927234927,0.0005000000237487257
0.9916151762008667,0.026458127424120903,0.9832496047019958,0.07512605935335159,0.9033556028925507,0.9822039630199682,0.858967838896023,0.9651778508412002,0.858967838896023,0.9910971099849336,0.7863554757630161,0.9579929988331388,0.7906976744186046,0.9906347554630593,0.0005000000237487257
0.9921257495880127,0.024369774386286736,0.983325719833374,0.06998438388109207,0.9117502934459978,0.9825944653233085,0.8789978427208818,0.9533032472468472,0.8789978427208818,0.9910494109051055,0.8151986183074266,0.95,0.8108108108108109,0.9916926272066459,0.0005000000237487257
0.9927976131439209,0.022992631420493126,0.9811938405036926,0.07833553105592728,0.8983039358455249,0.9802881290507196,0.8534887163972295,0.9563604396339809,0.8534887163972295,0.9896935425027362,0.8096885813148789,0.9439140811455847,0.7602339181286549,0.9879895561357702,0.0005000000237487257
0.9934023022651672,0.02123151160776615,0.9828689098358154,0.07868844270706177,0.9095107505043252,0.9821371613968569,0.8741642865339074,0.9536662588608973,0.8741642865339074,0.9906422604646916,0.8123924268502581,0.9543568464730291,0.8021978021978022,0.9879644165358451,0.0005000000237487257
0.9945176243782043,0.01639130525290966,0.9819552302360535,0.07289007306098938,0.8953111630001498,0.9810988727302785,0.8508749292312032,0.9539619205798135,0.8508749292312032,0.9903674960054782,0.8257191201353637,0.9451073985680191,0.7272727272727273,0.988089073019161,0.0002500000118743628
0.99545818567276,0.014125191606581211,0.981574535369873,0.08060599863529205,0.8950419802195648,0.9807148789725783,0.8513962427510979,0.9517623245988345,0.8513962427510979,0.9900050203094336,0.82793867120954,0.9419509275882705,0.7261904761904762,0.9891248058001035,0.0002500000118743628
0.9960359930992126,0.012948456220328808,0.9840871095657349,0.07109513133764267,0.9097376772654926,0.9835205077293281,0.8816399261049748,0.9437988418283381,0.8816399261049748,0.9916758141236737,0.8282828282828283,0.9560117302052786,0.782608695652174,0.9901093180635085,0.0002500000118743628
0.9961972832679749,0.01193484291434288,0.9817268252372742,0.09083504974842072,0.8984918969858556,0.9809175167051306,0.8537904092794625,0.9562479425949739,0.8537904092794625,0.9901450862304955,0.8408710217755444,0.9379144062688366,0.7349397590361446,0.9885892116182573,0.0002500000118743628
0.9967347383499146,0.010447192005813122,0.9846962094306946,0.06835050880908966,0.9084283166511735,0.9843065982276752,0.8795185808528501,0.946813551184533,0.8795185808528501,0.9920682224565586,0.8438948995363215,0.9604651162790697,0.7560975609756098,0.9896157840083074,0.0001250000059371814
0.9972587823867798,0.008918970823287964,0.985076904296875,0.0663415938615799,0.9159226372328216,0.9847685681136628,0.8901919310524601,0.9485300143594222,0.8901919310524601,0.9922480620155039,0.8536209553158706,0.9604651162790697,0.7857142857142857,0.9875647668393782,0.0001250000059371814
0.9975544214248657,0.008235729299485683,0.9856860041618347,0.0683426707983017,0.9152805520565535,0.9852770484393346,0.8839432675076235,0.9561110585418906,0.8839432675076235,0.9925749381244844,0.8566929133858268,0.9622751015670342,0.7757575757575758,0.9891022314478464,0.0001250000059371814
0.9977022409439087,0.007557570468634367,0.985914409160614,0.06849639862775803,0.9188243534824021,0.9856014799306921,0.8923260304878898,0.9518091352728636,0.8923260304878898,0.9928004769110836,0.8571428571428571,0.9611594202898551,0.7928994082840237,0.9901196047841914,0.0001250000059371814
0.998078465461731,0.006955795921385288,0.9856860041618347,0.06704733520746231,0.9178521346866108,0.9855515962093463,0.9063780952417773,0.9303688763696984,0.9063780952417773,0.9926967066280832,0.851063829787234,0.9636468551644547,0.7912087912087912,0.9906444906444907,6.25000029685907e-05
0.9983875155448914,0.006304723676294088,0.9856098890304565,0.06701289117336273,0.9174103317942045,0.9855403569749396,0.911784833104555,0.923313805757842,0.911784833104555,0.9926906633567784,0.8472012102874432,0.9655963302752294,0.7914438502673797,0.9901196047841914,6.25000029685907e-05
0.9984278678894043,0.005762855056673288,0.9862189888954163,0.06691912561655045,0.9196010712277296,0.9860815455732499,0.9101351525042718,0.9296322273095627,0.9101351525042718,0.9930185559434136,0.8580246913580247,0.964367816091954,0.7914438502673797,0.9911504424778761,6.25000029685907e-05
0.9983472228050232,0.005781962536275387,0.9857621192932129,0.06865967810153961,0.9183903595313965,0.9856077664477962,0.9071674093146234,0.9304817734426104,0.9071674093146234,0.9927885719535161,0.8523076923076923,0.9637722829212191,0.7934782608695652,0.9896049896049897,6.25000029685907e-05
